,Top Trend
0,#JOHNNYXMETGALA
1,#เป๊กๆคิดถึงนะ
2,#BUTYOU_iKON
3,702 Miss Chooooo
4,#devilsisterep5
5,#桃花坞xpaipai
6,patrick in wonderland2
7,Gulf Morning
8,CHICAGO'S DREAM BOY
9,Paris
10,project for nene
11,MEW X DOCTOR STRANGE
12,areekul 502day
13,Good Mewning
14,Bright Morning
15,like a star ost
16,FOR REAL
17,Morning NongNine
18,Warm
19,iTunes
20,Hussawee So Cute
21,THE BOYZ Heardle
22,Kem Hussawee
23,Trump
24,Red Velvet Heardle
25,Bangkok
26,K-pop
27,Morning PATRICK
28,LOONA Heardle
29,Russia
30,China
31,America
32,NU'EST Heardle
33,#YUGYEOMmeetsGermany
34,#หมอแปลก
35,#FLASHBACK_RELEASE_DAY
36,#welcomeenhypentothailand
37,#คิดถึงวอร์ได้ยินเปล่า
38,#ตู้ซ่อนหมีxบิวกิ้นพีพี
39,#tomypuzzlepiecesep9
40,#วันฉัตรมงคล
41,#happy26thcherday
42,#아이콘_너라는이유
43,#วันเกิดเนเน่ปีนี้พี่จัดให้
44,#KingDoubleBDay
45,#HaveABrightDay
46,#YNWA
47,#ทริอาชTheSeriesEP3
48,#VILLIV
49,#ARMYSelcaDay
